<?xml version="1.1" encoding="UTF-8"?>

<channel name="displays" version="1.0">
  <property name="ActiveProfile" type="string" value="Default"/>
  <property name="Notify" type="int" value="1"/>
  <property name="AutoEnableProfiles" type="int" value="3"/>
  <property name="Default" type="empty">
    <property name="eDP-1" type="string" value="Laptop">
      <property name="Active" type="bool" value="true"/>
      <property name="EDID" type="string" value="e380fe0364c147cb225e299a07c926cb2b0ed381"/>
      <property name="Resolution" type="string" value="1920x1200"/>
      <property name="RefreshRate" type="double" value="60.00214102198116"/>
      <property name="Rotation" type="int" value="0"/>
      <property name="Reflection" type="string" value="0"/>
      <property name="Primary" type="bool" value="true"/>
      <property name="Scale" type="double" value="1"/>
      <property name="Position" type="empty">
        <property name="X" type="int" value="0"/>
        <property name="Y" type="int" value="1080"/>
      </property>
    </property>
    <property name="HDMI-1" type="string" value="LG Electronics 34&quot;">
      <property name="Active" type="bool" value="true"/>
      <property name="EDID" type="string" value="6c2e255276f2ea12e57bf16c3d2377a70f753904"/>
      <property name="Resolution" type="string" value="1920x1080"/>
      <property name="RefreshRate" type="double" value="60"/>
      <property name="Rotation" type="int" value="0"/>
      <property name="Reflection" type="string" value="0"/>
      <property name="Primary" type="bool" value="false"/>
      <property name="Scale" type="double" value="1"/>
      <property name="Position" type="empty">
        <property name="X" type="int" value="0"/>
        <property name="Y" type="int" value="0"/>
      </property>
    </property>
  </property>
</channel>
